SEASON_ID,TEAM_ID,TEAM_ABBREVIATION,TEAM_NAME,GAME_ID,GAME_DATE,MATCHUP,WL,MIN,FGM,FGA,FG_PCT,FG3M,FG3A,FG3_PCT,FTM,FTA,FT_PCT,OREB,DREB,REB,AST,STL,BLK,TOV,PF,PTS,PLUS_MINUS,VIDEO_AVAILABLE,FG2M,FG2A,FG2_PTS,FG3_PTS,FRAC_ATT_2PT,FRAC_ATT_3PT,FRAC_MK_2PT,FRAC_MK_3PT,FRAC_PTS_2PT,FRAC_PTS_3PT,FRAC_PTS_FT,OPP_TEAM_ABBR,OPP_PTS,MONTH,YEAR,HOME_AWAY,CONFERENCE,OPP_CONFERENCE,DATE_MATCHUP
22025,1610612745,HOU,Houston Rockets,0022500001,2025-10-21,HOU @ OKC,L,290,43,97,0.443,11,39,0.282,27,31,0.871,16,36,52,23,6,5,25,26,124,-1,1,32,58,64,33,0.5979381443298969,0.4020618556701031,0.7441860465116279,0.2558139534883721,0.5161290322580645,0.2661290322580645,0.21774193548387097,OKC,125,10,2025,AWAY,WEST,WEST,10-21 @ OKC
22025,1610612744,GSW,Golden State Warriors,0022500002,2025-10-21,GSW @ LAL,W,240,38,78,0.487,17,40,0.425,26,29,0.897,9,31,40,29,10,4,19,27,119,10,1,21,38,42,51,0.48717948717948717,0.5128205128205128,0.5526315789473685,0.4473684210526316,0.35294117647058826,0.42857142857142855,0.2184873949579832,LAL,109,10,2025,AWAY,WEST,WEST,10-21 @ LAL
22025,1610612747,LAL,Los Angeles Lakers,0022500002,2025-10-21,LAL vs. GSW,L,240,42,77,0.545,8,32,0.25,17,28,0.607,7,32,39,23,7,2,20,21,109,-10,1,34,45,68,24,0.5844155844155844,0.4155844155844156,0.8095238095238095,0.19047619047619047,0.6238532110091743,0.22018348623853212,0.1559633027522936,GSW,119,10,2025,HOME,WEST,WEST,10-21 vs. GSW
22025,1610612760,OKC,Oklahoma City Thunder,0022500001,2025-10-21,OKC vs. HOU,W,290,46,104,0.442,13,52,0.25,20,25,0.8,11,27,38,29,12,4,12,27,125,1,1,33,52,66,39,0.5,0.5,0.717391304347826,0.2826086956521739,0.528,0.312,0.16,HOU,124,10,2025,HOME,WEST,WEST,10-21 vs. HOU
22025,1610612737,ATL,Atlanta Hawks,0022500082,2025-10-22,ATL vs. TOR,L,240,38,90,0.422,10,35,0.286,32,37,0.865,8,26,34,25,7,6,16,24,118,-20,1,28,55,56,30,0.6111111111111112,0.3888888888888889,0.7368421052631579,0.2631578947368421,0.4745762711864407,0.2542372881355932,0.2711864406779661,TOR,138,10,2025,HOME,EAST,EAST,10-22 vs. TOR
22025,1610612748,MIA,Miami Heat,0022500081,2025-10-22,MIA @ ORL,L,240,44,91,0.484,12,35,0.343,21,27,0.778,10,37,47,26,9,4,19,28,121,-4,1,32,56,64,36,0.6153846153846154,0.38461538461538464,0.7272727272727273,0.2727272727272727,0.5289256198347108,0.2975206611570248,0.17355371900826447,ORL,125,10,2025,AWAY,EAST,EAST,10-22 @ ORL
22025,1610612751,BKN,Brooklyn Nets,0022500080,2025-10-22,BKN @ CHA,L,240,39,88,0.443,14,40,0.35,25,34,0.735,12,26,38,25,8,3,17,28,117,-19,1,25,48,50,42,0.5454545454545454,0.45454545454545453,0.6410256410256411,0.358974358974359,0.42735042735042733,0.358974358974359,0.21367521367521367,CHA,136,10,2025,AWAY,EAST,EAST,10-22 @ CHA
22025,1610612752,NYK,New York Knicks,0022500003,2025-10-22,NYK vs. CLE,W,240,37,86,0.43,14,40,0.35,31,36,0.861,9,39,48,22,8,4,14,23,119,8,1,23,46,46,42,0.5348837209302325,0.46511627906976744,0.6216216216216216,0.3783783783783784,0.3865546218487395,0.35294117647058826,0.2605042016806723,CLE,111,10,2025,HOME,EAST,EAST,10-22 vs. CLE
22025,1610612766,CHA,Charlotte Hornets,0022500080,2025-10-22,CHA vs. BKN,W,240,48,90,0.533,17,36,0.472,23,33,0.697,14,36,50,33,5,5,17,25,136,19,1,31,54,62,51,0.6,0.4,0.6458333333333334,0.3541666666666667,0.45588235294117646,0.375,0.16911764705882354,BKN,117,10,2025,HOME,EAST,EAST,10-22 vs. BKN
22025,1610612764,WAS,Washington Wizards,0022500086,2025-10-22,WAS @ MIL,L,240,46,98,0.469,17,42,0.405,11,19,0.579,13,43,56,23,5,4,13,19,120,-13,1,29,56,58,51,0.5714285714285714,0.42857142857142855,0.6304347826086957,0.3695652173913043,0.48333333333333334,0.425,0.09166666666666666,MIL,133,10,2025,AWAY,EAST,EAST,10-22 @ MIL
22025,1610612761,TOR,Toronto Raptors,0022500082,2025-10-22,TOR @ ATL,W,240,54,95,0.568,6,25,0.24,24,29,0.828,12,42,54,36,10,4,19,31,138,20,1,48,70,96,18,0.7368421052631579,0.2631578947368421,0.8888888888888888,0.1111111111111111,0.6956521739130435,0.13043478260869565,0.17391304347826086,ATL,118,10,2025,AWAY,EAST,EAST,10-22 @ ATL
22025,1610612741,CHI,Chicago Bulls,0022500084,2025-10-22,CHI vs. DET,W,240,39,87,0.448,11,30,0.367,26,32,0.813,12,38,50,29,6,8,18,23,115,4,1,28,57,56,33,0.6551724137931034,0.3448275862068966,0.717948717948718,0.28205128205128205,0.48695652173913045,0.28695652173913044,0.22608695652173913,DET,111,10,2025,HOME,EAST,EAST,10-22 vs. DET
22025,1610612749,MIL,Milwaukee Bucks,0022500086,2025-10-22,MIL vs. WAS,W,240,50,98,0.51,18,44,0.409,15,19,0.789,6,40,46,31,8,6,8,22,133,13,1,32,54,64,54,0.5510204081632653,0.4489795918367347,0.64,0.36,0.48120300751879697,0.40601503759398494,0.11278195488721804,WAS,120,10,2025,HOME,EAST,EAST,10-22 vs. WAS
22025,1610612765,DET,Detroit Pistons,0022500084,2025-10-22,DET @ CHI,L,240,43,97,0.443,7,24,0.292,18,26,0.692,13,33,46,29,8,10,10,29,111,-4,1,36,73,72,21,0.7525773195876289,0.24742268041237114,0.8372093023255814,0.16279069767441862,0.6486486486486487,0.1891891891891892,0.16216216216216217,CHI,115,10,2025,AWAY,EAST,EAST,10-22 @ CHI
22025,1610612740,NOP,New Orleans Pelicans,0022500085,2025-10-22,NOP @ MEM,L,240,45,98,0.459,10,27,0.37,22,31,0.71,17,30,47,20,10,4,15,30,122,-6,1,35,71,70,30,0.7244897959183674,0.2755102040816326,0.7777777777777778,0.2222222222222222,0.5737704918032787,0.2459016393442623,0.18032786885245902,MEM,128,10,2025,AWAY,EAST,WEST,10-22 @ MEM
22025,1610612763,MEM,Memphis Grizzlies,0022500085,2025-10-22,MEM vs. NOP,W,240,41,80,0.513,11,37,0.297,35,43,0.814,6,33,39,20,5,12,17,29,128,6,1,30,43,60,33,0.5375,0.4625,0.7317073170731707,0.2682926829268293,0.46875,0.2578125,0.2734375,NOP,122,10,2025,HOME,WEST,EAST,10-22 vs. NOP
22025,1610612739,CLE,Cleveland Cavaliers,0022500003,2025-10-22,CLE @ NYK,L,240,40,86,0.465,19,46,0.413,12,18,0.667,4,28,32,21,8,4,15,25,111,-8,1,21,40,42,57,0.46511627906976744,0.5348837209302325,0.525,0.475,0.3783783783783784,0.5135135135135135,0.10810810810810811,NYK,119,10,2025,AWAY,EAST,EAST,10-22 @ NYK
22025,1610612753,ORL,Orlando Magic,0022500081,2025-10-22,ORL vs. MIA,W,240,42,90,0.467,12,30,0.4,29,35,0.829,9,37,46,23,8,7,15,20,125,4,1,30,60,60,36,0.6666666666666666,0.3333333333333333,0.7142857142857143,0.2857142857142857,0.48,0.288,0.232,MIA,121,10,2025,HOME,EAST,EAST,10-22 vs. MIA
22025,1610612750,MIN,Minnesota Timberwolves,0022500089,2025-10-22,MIN @ POR,W,240,42,86,0.488,15,30,0.5,19,24,0.792,10,35,45,21,10,10,19,29,118,4,1,27,56,54,45,0.6511627906976745,0.3488372093023256,0.6428571428571429,0.35714285714285715,0.4576271186440678,0.3813559322033898,0.16101694915254236,POR,114,10,2025,AWAY,WEST,WEST,10-22 @ POR
22025,1610612762,UTA,Utah Jazz,0022500087,2025-10-22,UTA vs. LAC,W,240,48,87,0.552,17,44,0.386,16,20,0.8,13,33,46,38,11,6,13,21,129,21,1,31,43,62,51,0.4942528735632184,0.5057471264367817,0.6458333333333334,0.3541666666666667,0.4806201550387597,0.3953488372093023,0.12403100775193798,LAC,108,10,2025,HOME,WEST,WEST,10-22 vs. LAC
22025,1610612746,LAC,LA Clippers,0022500087,2025-10-22,LAC @ UTA,L,240,39,88,0.443,14,45,0.311,16,21,0.762,15,23,38,28,8,6,15,21,108,-21,1,25,43,50,42,0.48863636363636365,0.5113636363636364,0.6410256410256411,0.358974358974359,0.46296296296296297,0.3888888888888889,0.14814814814814814,UTA,129,10,2025,AWAY,WEST,WEST,10-22 @ UTA
22025,1610612757,POR,Portland Trail Blazers,0022500089,2025-10-22,POR vs. MIN,L,240,36,90,0.4,13,42,0.31,29,35,0.829,7,32,39,25,10,3,16,17,114,-4,1,23,48,46,39,0.5333333333333333,0.4666666666666667,0.6388888888888888,0.3611111111111111,0.40350877192982454,0.34210526315789475,0.2543859649122807,MIN,118,10,2025,HOME,WEST,WEST,10-22 vs. MIN
22025,1610612758,SAC,Sacramento Kings,0022500088,2025-10-22,SAC @ PHX,L,240,47,94,0.5,9,24,0.375,13,23,0.565,9,28,37,24,10,10,13,22,116,-4,1,38,70,76,27,0.7446808510638298,0.2553191489361702,0.8085106382978723,0.19148936170212766,0.6551724137931034,0.23275862068965517,0.11206896551724138,PHX,120,10,2025,AWAY,WEST,WEST,10-22 @ PHX
22025,1610612742,DAL,Dallas Mavericks,0022500004,2025-10-22,DAL vs. SAS,L,240,31,83,0.373,9,21,0.429,21,26,0.808,9,28,37,20,5,3,16,24,92,-33,1,22,62,44,27,0.7469879518072289,0.25301204819277107,0.7096774193548387,0.2903225806451613,0.4782608695652174,0.29347826086956524,0.22826086956521738,SAS,125,10,2025,HOME,WEST,WEST,10-22 vs. SAS
22025,1610612756,PHX,Phoenix Suns,0022500088,2025-10-22,PHX vs. SAC,W,240,45,95,0.474,10,34,0.294,20,28,0.714,18,33,51,23,7,7,16,25,120,4,1,35,61,70,30,0.6421052631578947,0.35789473684210527,0.7777777777777778,0.2222222222222222,0.5833333333333334,0.25,0.16666666666666666,SAC,116,10,2025,HOME,WEST,WEST,10-22 vs. SAC
22025,1610612759,SAS,San Antonio Spurs,0022500004,2025-10-22,SAS @ DAL,W,240,50,87,0.575,8,20,0.4,17,28,0.607,11,39,50,24,10,5,15,24,125,33,1,42,67,84,24,0.7701149425287356,0.22988505747126436,0.84,0.16,0.672,0.192,0.136,DAL,92,10,2025,AWAY,WEST,WEST,10-22 @ DAL
22025,1610612738,BOS,Boston Celtics,0022500083,2025-10-22,BOS vs. PHI,L,240,41,91,0.451,11,43,0.256,23,26,0.885,10,32,42,16,7,4,11,28,116,-1,1,30,48,60,33,0.5274725274725275,0.4725274725274725,0.7317073170731707,0.2682926829268293,0.5172413793103449,0.28448275862068967,0.19827586206896552,PHI,117,10,2025,HOME,EAST,EAST,10-22 vs. PHI
22025,1610612755,PHI,Philadelphia 76ers,0022500083,2025-10-22,PHI @ BOS,W,240,39,85,0.459,16,41,0.39,23,30,0.767,10,30,40,23,3,4,14,23,117,1,1,23,44,46,48,0.5176470588235295,0.4823529411764706,0.5897435897435898,0.41025641025641024,0.39316239316239315,0.41025641025641024,0.19658119658119658,BOS,116,10,2025,AWAY,EAST,EAST,10-22 @ BOS
22025,1610612754,IND,Indiana Pacers,0022500005,2025-10-23,IND vs. OKC,L,290,46,105,0.438,13,43,0.302,30,40,0.75,11,44,55,21,6,4,14,37,135,-6,1,33,62,66,39,0.5904761904761905,0.4095238095238095,0.717391304347826,0.2826086956521739,0.4888888888888889,0.28888888888888886,0.2222222222222222,OKC,141,10,2025,HOME,EAST,WEST,10-23 vs. OKC
22025,1610612760,OKC,Oklahoma City Thunder,0022500005,2025-10-23,OKC @ IND,W,290,43,95,0.453,10,35,0.286,45,51,0.882,9,51,60,17,6,2,14,33,141,6,1,33,60,66,30,0.631578947368421,0.3684210526315789,0.7674418604651163,0.23255813953488372,0.46808510638297873,0.2127659574468085,0.3191489361702128,IND,135,10,2025,AWAY,WEST,EAST,10-23 @ IND
22025,1610612743,DEN,Denver Nuggets,0022500006,2025-10-23,DEN @ GSW,L,265,51,95,0.537,16,40,0.4,13,14,0.929,7,36,43,32,8,4,13,22,131,-6,1,35,55,70,48,0.5789473684210527,0.42105263157894735,0.6862745098039216,0.3137254901960784,0.5343511450381679,0.366412213740458,0.09923664122137404,GSW,137,10,2025,AWAY,WEST,WEST,10-23 @ GSW
22025,1610612744,GSW,Golden State Warriors,0022500006,2025-10-23,GSW vs. DEN,W,265,50,99,0.505,18,47,0.383,19,25,0.76,10,33,43,33,11,3,9,16,137,6,1,32,52,64,54,0.5252525252525253,0.47474747474747475,0.64,0.36,0.46715328467153283,0.39416058394160586,0.1386861313868613,DEN,131,10,2025,HOME,WEST,WEST,10-23 vs. DEN
22025,1610612738,BOS,Boston Celtics,0022500018,2025-10-24,BOS @ NYK,L,240,35,82,0.427,15,44,0.341,10,15,0.667,8,29,37,19,10,7,16,25,95,-10,1,20,38,40,45,0.4634146341463415,0.5365853658536586,0.5714285714285714,0.42857142857142855,0.42105263157894735,0.47368421052631576,0.10526315789473684,NYK,105,10,2025,AWAY,EAST,EAST,10-24 @ NYK
22025,1610612763,MEM,Memphis Grizzlies,0022500094,2025-10-24,MEM vs. MIA,L,240,38,95,0.4,13,45,0.289,25,28,0.893,12,29,41,29,8,4,20,19,114,-32,1,25,50,50,39,0.5263157894736842,0.47368421052631576,0.6578947368421053,0.34210526315789475,0.43859649122807015,0.34210526315789475,0.21929824561403508,MIA,146,10,2025,HOME,WEST,EAST,10-24 vs. MIA
22025,1610612765,DET,Detroit Pistons,0022500093,2025-10-24,DET @ HOU,W,240,42,90,0.467,16,39,0.41,15,23,0.652,15,33,48,26,6,11,18,31,115,4,1,26,51,52,48,0.5666666666666667,0.43333333333333335,0.6190476190476191,0.38095238095238093,0.45217391304347826,0.41739130434782606,0.13043478260869565,HOU,111,10,2025,AWAY,EAST,WEST,10-24 @ HOU
22025,1610612742,DAL,Dallas Mavericks,0022500096,2025-10-24,DAL vs. WAS,L,240,38,88,0.432,10,34,0.294,21,27,0.778,9,39,48,23,11,5,21,19,107,-10,1,28,54,56,30,0.6136363636363636,0.38636363636363635,0.7368421052631579,0.2631578947368421,0.5233644859813084,0.2803738317757009,0.19626168224299065,WAS,117,10,2025,HOME,WEST,EAST,10-24 vs. WAS
22025,1610612739,CLE,Cleveland Cavaliers,0022500091,2025-10-24,CLE @ BKN,W,240,44,82,0.537,18,42,0.429,25,35,0.714,9,27,36,32,14,5,17,18,131,7,1,26,40,52,54,0.4878048780487805,0.5121951219512195,0.5909090909090909,0.4090909090909091,0.3969465648854962,0.4122137404580153,0.19083969465648856,BKN,124,10,2025,AWAY,EAST,EAST,10-24 @ BKN
22025,1610612764,WAS,Washington Wizards,0022500096,2025-10-24,WAS @ DAL,W,240,41,90,0.456,15,36,0.417,20,29,0.69,10,38,48,27,11,8,17,24,117,10,1,26,54,52,45,0.6,0.4,0.6341463414634146,0.36585365853658536,0.4444444444444444,0.38461538461538464,0.17094017094017094,DAL,107,10,2025,AWAY,EAST,WEST,10-24 @ DAL
22025,1610612750,MIN,Minnesota Timberwolves,0022500019,2025-10-24,MIN @ LAL,L,240,41,88,0.466,13,38,0.342,15,21,0.714,15,25,40,24,4,3,12,27,110,-18,1,28,50,56,39,0.5681818181818182,0.4318181818181818,0.6829268292682927,0.3170731707317073,0.509090909090909,0.35454545454545455,0.13636363636363635,LAL,128,10,2025,AWAY,WEST,WEST,10-24 @ LAL
22025,1610612744,GSW,Golden State Warriors,0022500097,2025-10-24,GSW @ POR,L,240,35,80,0.438,16,38,0.421,33,39,0.846,12,29,41,24,12,3,25,22,119,-20,1,19,42,38,48,0.525,0.475,0.5428571428571428,0.45714285714285713,0.31932773109243695,0.40336134453781514,0.2773109243697479,POR,139,10,2025,AWAY,WEST,WEST,10-24 @ POR
22025,1610612757,POR,Portland Trail Blazers,0022500097,2025-10-24,POR vs. GSW,W,240,50,93,0.538,16,34,0.471,23,25,0.92,10,28,38,30,13,5,19,28,139,20,1,34,59,68,48,0.6344086021505376,0.3655913978494624,0.68,0.32,0.4892086330935252,0.34532374100719426,0.16546762589928057,GSW,119,10,2025,HOME,WEST,WEST,10-24 vs. GSW
22025,1610612737,ATL,Atlanta Hawks,0022500090,2025-10-24,ATL @ ORL,W,240,41,85,0.482,8,29,0.276,21,28,0.75,9,31,40,26,9,5,16,21,111,4,1,33,56,66,24,0.6588235294117647,0.3411764705882353,0.8048780487804879,0.1951219512195122,0.5945945945945946,0.21621621621621623,0.1891891891891892,ORL,107,10,2025,AWAY,EAST,EAST,10-24 @ ORL
22025,1610612753,ORL,Orlando Magic,0022500090,2025-10-24,ORL vs. ATL,L,240,37,78,0.474,9,31,0.29,24,37,0.649,12,33,45,21,7,3,22,26,107,-4,1,28,47,56,27,0.6025641025641025,0.3974358974358974,0.7567567567567568,0.24324324324324326,0.5233644859813084,0.2523364485981308,0.22429906542056074,ATL,111,10,2025,HOME,EAST,EAST,10-24 vs. ATL
22025,1610612751,BKN,Brooklyn Nets,0022500091,2025-10-24,BKN vs. CLE,L,240,49,96,0.51,19,45,0.422,7,7,1.0,10,28,38,30,9,0,20,28,124,-7,1,30,51,60,57,0.53125,0.46875,0.6122448979591837,0.3877551020408163,0.4838709677419355,0.4596774193548387,0.056451612903225805,CLE,131,10,2025,HOME,EAST,EAST,10-24 vs. CLE
22025,1610612747,LAL,Los Angeles Lakers,0022500019,2025-10-24,LAL vs. MIN,W,240,45,76,0.592,12,29,0.414,26,32,0.813,7,31,38,26,6,3,12,20,128,18,1,33,47,66,36,0.618421052631579,0.3815789473684211,0.7333333333333333,0.26666666666666666,0.515625,0.28125,0.203125,MIN,110,10,2025,HOME,WEST,WEST,10-24 vs. MIN
22025,1610612756,PHX,Phoenix Suns,0022500099,2025-10-24,PHX @ LAC,L,240,37,90,0.411,16,47,0.34,12,15,0.8,15,22,37,23,12,4,18,25,102,-27,1,21,43,42,48,0.4777777777777778,0.5222222222222223,0.5675675675675675,0.43243243243243246,0.4117647058823529,0.47058823529411764,0.11764705882352941,LAC,129,10,2025,AWAY,WEST,WEST,10-24 @ LAC
22025,1610612740,NOP,New Orleans Pelicans,0022500095,2025-10-24,NOP vs. SAS,L,265,42,97,0.433,10,32,0.313,22,29,0.759,16,29,45,24,10,3,15,21,116,-4,1,32,65,64,30,0.6701030927835051,0.32989690721649484,0.7619047619047619,0.23809523809523808,0.5517241379310345,0.25862068965517243,0.1896551724137931,SAS,120,10,2025,HOME,EAST,WEST,10-24 vs. SAS
22025,1610612746,LAC,LA Clippers,0022500099,2025-10-24,LAC vs. PHX,W,240,45,76,0.592,16,29,0.552,23,26,0.885,10,35,45,32,12,5,19,19,129,27,1,29,47,58,48,0.618421052631579,0.3815789473684211,0.6444444444444445,0.35555555555555557,0.4496124031007752,0.37209302325581395,0.17829457364341086,PHX,102,10,2025,HOME,WEST,WEST,10-24 vs. PHX
22025,1610612759,SAS,San Antonio Spurs,0022500095,2025-10-24,SAS @ NOP,W,265,45,98,0.459,13,43,0.302,17,26,0.654,20,39,59,25,6,13,19,27,120,4,1,32,55,64,39,0.5612244897959183,0.4387755102040816,0.7111111111111111,0.28888888888888886,0.5333333333333333,0.325,0.14166666666666666,NOP,116,10,2025,AWAY,WEST,EAST,10-24 @ NOP
22025,1610612758,SAC,Sacramento Kings,0022500098,2025-10-24,SAC vs. UTA,W,240,40,83,0.482,14,32,0.438,11,15,0.733,5,28,33,23,10,4,13,18,105,1,1,26,51,52,42,0.6144578313253012,0.3855421686746988,0.65,0.35,0.49523809523809526,0.4,0.10476190476190476,UTA,104,10,2025,HOME,WEST,WEST,10-24 vs. UTA
22025,1610612762,UTA,Utah Jazz,0022500098,2025-10-24,UTA @ SAC,L,240,38,86,0.442,13,41,0.317,15,17,0.882,11,39,50,25,6,1,20,16,104,-1,1,25,45,50,39,0.5232558139534884,0.47674418604651164,0.6578947368421053,0.34210526315789475,0.4807692307692308,0.375,0.14423076923076922,SAC,105,10,2025,AWAY,WEST,WEST,10-24 @ SAC
22025,1610612749,MIL,Milwaukee Bucks,0022500092,2025-10-24,MIL @ TOR,W,240,47,90,0.522,14,40,0.35,14,25,0.56,14,37,51,25,9,5,19,24,122,6,1,33,50,66,42,0.5555555555555556,0.4444444444444444,0.7021276595744681,0.2978723404255319,0.5409836065573771,0.3442622950819672,0.11475409836065574,TOR,116,10,2025,AWAY,EAST,EAST,10-24 @ TOR
22025,1610612761,TOR,Toronto Raptors,0022500092,2025-10-24,TOR vs. MIL,L,240,42,85,0.494,11,27,0.407,21,32,0.656,10,31,41,25,10,4,16,21,116,-6,1,31,58,62,33,0.6823529411764706,0.3176470588235294,0.7380952380952381,0.2619047619047619,0.5344827586206896,0.28448275862068967,0.1810344827586207,MIL,122,10,2025,HOME,EAST,EAST,10-24 vs. MIL
22025,1610612748,MIA,Miami Heat,0022500094,2025-10-24,MIA @ MEM,W,240,55,102,0.539,19,40,0.475,17,22,0.773,17,40,57,34,15,4,20,25,146,32,1,36,62,72,57,0.6078431372549019,0.39215686274509803,0.6545454545454545,0.34545454545454546,0.4931506849315068,0.3904109589041096,0.11643835616438356,MEM,114,10,2025,AWAY,EAST,WEST,10-24 @ MEM
22025,1610612752,NYK,New York Knicks,0022500018,2025-10-24,NYK vs. BOS,W,240,33,86,0.384,17,45,0.378,22,25,0.88,21,32,53,23,7,4,20,17,105,10,1,16,41,32,51,0.47674418604651164,0.5232558139534884,0.48484848484848486,0.5151515151515151,0.3047619047619048,0.4857142857142857,0.20952380952380953,BOS,95,10,2025,HOME,EAST,EAST,10-24 vs. BOS
22025,1610612745,HOU,Houston Rockets,0022500093,2025-10-24,HOU vs. DET,L,240,32,83,0.386,10,22,0.455,37,48,0.771,17,28,45,15,14,2,14,24,111,-4,1,22,61,44,30,0.7349397590361446,0.26506024096385544,0.6875,0.3125,0.3963963963963964,0.2702702702702703,0.3333333333333333,DET,115,10,2025,HOME,WEST,EAST,10-24 vs. DET
22025,1610612741,CHI,Chicago Bulls,0022500100,2025-10-25,CHI @ ORL,W,240,39,83,0.47,10,27,0.37,22,29,0.759,9,37,46,26,13,2,20,26,110,12,1,29,56,58,30,0.6746987951807228,0.3253012048192771,0.7435897435897436,0.2564102564102564,0.5272727272727272,0.2727272727272727,0.2,ORL,98,10,2025,AWAY,EAST,EAST,10-25 @ ORL
22025,1610612763,MEM,Memphis Grizzlies,0022500103,2025-10-25,MEM vs. IND,W,240,44,97,0.454,15,39,0.385,25,32,0.781,10,39,49,31,6,4,6,22,128,25,1,29,58,58,45,0.5979381443298969,0.4020618556701031,0.6590909090909091,0.3409090909090909,0.453125,0.3515625,0.1953125,IND,103,10,2025,HOME,WEST,EAST,10-25 vs. IND
22025,1610612753,ORL,Orlando Magic,0022500100,2025-10-25,ORL vs. CHI,L,240,34,87,0.391,3,24,0.125,27,33,0.818,15,38,53,12,8,5,20,25,98,-12,1,31,63,62,9,0.7241379310344828,0.27586206896551724,0.9117647058823529,0.08823529411764706,0.6326530612244898,0.09183673469387756,0.2755102040816326,CHI,110,10,2025,HOME,EAST,EAST,10-25 vs. CHI
22025,1610612754,IND,Indiana Pacers,0022500103,2025-10-25,IND @ MEM,L,240,36,89,0.404,14,40,0.35,17,23,0.739,11,33,44,25,2,5,13,21,103,-25,1,22,49,44,42,0.550561797752809,0.449438202247191,0.6111111111111112,0.3888888888888889,0.42718446601941745,0.4077669902912621,0.1650485436893204,MEM,128,10,2025,AWAY,EAST,WEST,10-25 @ MEM
22025,1610612760,OKC,Oklahoma City Thunder,0022500101,2025-10-25,OKC @ ATL,W,240,43,93,0.462,14,37,0.378,17,19,0.895,15,35,50,21,13,3,13,19,117,17,1,29,56,58,42,0.6021505376344086,0.3978494623655914,0.6744186046511628,0.32558139534883723,0.49572649572649574,0.358974358974359,0.1452991452991453,ATL,100,10,2025,AWAY,WEST,EAST,10-25 @ ATL
22025,1610612756,PHX,Phoenix Suns,0022500104,2025-10-25,PHX @ DEN,L,240,38,88,0.432,17,50,0.34,18,22,0.818,12,26,38,24,7,4,20,29,111,-22,1,21,38,42,51,0.4318181818181818,0.5681818181818182,0.5526315789473685,0.4473684210526316,0.3783783783783784,0.4594594594594595,0.16216216216216217,DEN,133,10,2025,AWAY,WEST,WEST,10-25 @ DEN
22025,1610612737,ATL,Atlanta Hawks,0022500101,2025-10-25,ATL vs. OKC,L,240,35,85,0.412,16,39,0.41,14,21,0.667,15,31,46,25,7,5,17,23,100,-17,1,19,46,38,48,0.5411764705882353,0.4588235294117647,0.5428571428571428,0.45714285714285713,0.38,0.48,0.14,OKC,117,10,2025,HOME,EAST,WEST,10-25 vs. OKC
22025,1610612743,DEN,Denver Nuggets,0022500104,2025-10-25,DEN vs. PHX,W,240,43,84,0.512,9,31,0.29,38,42,0.905,11,32,43,31,14,1,16,23,133,22,1,34,53,68,27,0.6309523809523809,0.36904761904761907,0.7906976744186046,0.20930232558139536,0.5112781954887218,0.20300751879699247,0.2857142857142857,PHX,111,10,2025,HOME,WEST,WEST,10-25 vs. PHX
22025,1610612766,CHA,Charlotte Hornets,0022500102,2025-10-25,CHA @ PHI,L,240,43,89,0.483,16,42,0.381,19,28,0.679,13,32,45,30,6,3,17,26,121,-4,1,27,47,54,48,0.5280898876404494,0.47191011235955055,0.627906976744186,0.37209302325581395,0.4462809917355372,0.39669421487603307,0.15702479338842976,PHI,125,10,2025,AWAY,EAST,EAST,10-25 @ PHI
22025,1610612755,PHI,Philadelphia 76ers,0022500102,2025-10-25,PHI vs. CHA,W,240,41,87,0.471,18,39,0.462,25,32,0.781,11,29,40,29,10,5,15,25,125,4,1,23,48,46,54,0.5517241379310345,0.4482758620689655,0.5609756097560976,0.43902439024390244,0.368,0.432,0.2,CHA,121,10,2025,HOME,EAST,EAST,10-25 vs. CHA
22025,1610612739,CLE,Cleveland Cavaliers,0022500107,2025-10-26,CLE vs. MIL,W,240,39,87,0.448,12,40,0.3,28,35,0.8,10,34,44,23,10,2,17,23,118,5,1,27,47,54,36,0.5402298850574713,0.45977011494252873,0.6923076923076923,0.3076923076923077,0.4576271186440678,0.3050847457627119,0.23728813559322035,MIL,113,10,2025,HOME,EAST,EAST,10-26 vs. MIL
22025,1610612754,IND,Indiana Pacers,0022500110,2025-10-26,IND @ MIN,L,240,39,91,0.429,14,40,0.35,18,27,0.667,16,33,49,24,7,5,17,27,110,-4,1,25,51,50,42,0.5604395604395604,0.43956043956043955,0.6410256410256411,0.358974358974359,0.45454545454545453,0.38181818181818183,0.16363636363636364,MIN,114,10,2025,AWAY,EAST,WEST,10-26 @ MIN
22025,1610612761,TOR,Toronto Raptors,0022500111,2025-10-26,TOR @ DAL,L,240,49,100,0.49,13,33,0.394,18,24,0.75,14,29,43,33,10,1,16,28,129,-10,1,36,67,72,39,0.67,0.33,0.7346938775510204,0.2653061224489796,0.5581395348837209,0.3023255813953488,0.13953488372093023,DAL,139,10,2025,AWAY,EAST,WEST,10-26 @ DAL
22025,1610612752,NYK,New York Knicks,0022500108,2025-10-26,NYK @ MIA,L,240,38,98,0.388,15,54,0.278,16,21,0.762,16,36,52,23,9,3,16,24,107,-8,1,23,44,46,45,0.4489795918367347,0.5510204081632653,0.6052631578947368,0.39473684210526316,0.42990654205607476,0.4205607476635514,0.14953271028037382,MIA,115,10,2025,AWAY,EAST,EAST,10-26 @ MIA
22025,1610612750,MIN,Minnesota Timberwolves,0022500110,2025-10-26,MIN vs. IND,W,240,39,84,0.464,10,33,0.303,26,37,0.703,13,35,48,19,9,4,14,24,114,4,1,29,51,58,30,0.6071428571428571,0.39285714285714285,0.7435897435897436,0.2564102564102564,0.5087719298245614,0.2631578947368421,0.22807017543859648,IND,110,10,2025,HOME,WEST,EAST,10-26 vs. IND
22025,1610612742,DAL,Dallas Mavericks,0022500111,2025-10-26,DAL vs. TOR,W,240,50,85,0.588,10,26,0.385,29,39,0.744,12,37,49,32,12,7,20,26,139,10,1,40,59,80,30,0.6941176470588235,0.3058823529411765,0.8,0.2,0.5755395683453237,0.2158273381294964,0.20863309352517986,TOR,129,10,2025,HOME,WEST,EAST,10-26 vs. TOR
22025,1610612765,DET,Detroit Pistons,0022500106,2025-10-26,DET vs. BOS,W,240,39,93,0.419,9,34,0.265,32,36,0.889,19,36,55,22,7,5,16,24,119,6,1,30,59,60,27,0.6344086021505376,0.3655913978494624,0.7692307692307693,0.23076923076923078,0.5042016806722689,0.226890756302521,0.2689075630252101,BOS,113,10,2025,HOME,EAST,EAST,10-26 vs. BOS
22025,1610612738,BOS,Boston Celtics,0022500106,2025-10-26,BOS @ DET,L,240,40,94,0.426,15,45,0.333,18,24,0.75,12,26,38,17,11,8,12,26,113,-6,1,25,49,50,45,0.5212765957446809,0.4787234042553192,0.625,0.375,0.4424778761061947,0.39823008849557523,0.1592920353982301,DET,119,10,2025,AWAY,EAST,EAST,10-26 @ DET
22025,1610612758,SAC,Sacramento Kings,0022500113,2025-10-26,SAC vs. LAL,L,240,45,101,0.446,18,43,0.419,12,18,0.667,13,27,40,27,13,4,16,26,120,-7,1,27,58,54,54,0.5742574257425742,0.42574257425742573,0.6,0.4,0.45,0.45,0.1,LAL,127,10,2025,HOME,WEST,WEST,10-26 vs. LAL
22025,1610612747,LAL,Los Angeles Lakers,0022500113,2025-10-26,LAL @ SAC,W,240,39,80,0.488,8,25,0.32,41,46,0.891,10,37,47,26,9,3,17,17,127,7,1,31,55,62,24,0.6875,0.3125,0.7948717948717948,0.20512820512820512,0.4881889763779528,0.1889763779527559,0.3228346456692913,SAC,120,10,2025,AWAY,WEST,WEST,10-26 @ SAC
22025,1610612746,LAC,LA Clippers,0022500112,2025-10-26,LAC vs. POR,W,240,44,80,0.55,12,31,0.387,14,15,0.933,7,39,46,26,11,8,24,27,114,7,1,32,49,64,36,0.6125,0.3875,0.7272727272727273,0.2727272727272727,0.5614035087719298,0.3157894736842105,0.12280701754385964,POR,107,10,2025,HOME,WEST,WEST,10-26 vs. POR
22025,1610612757,POR,Portland Trail Blazers,0022500112,2025-10-26,POR @ LAC,L,240,34,92,0.37,11,41,0.268,28,34,0.824,18,24,42,24,12,2,16,21,107,-7,1,23,51,46,33,0.5543478260869565,0.44565217391304346,0.6764705882352942,0.3235294117647059,0.42990654205607476,0.308411214953271,0.2616822429906542,LAC,114,10,2025,AWAY,WEST,WEST,10-26 @ LAC
22025,1610612748,MIA,Miami Heat,0022500108,2025-10-26,MIA vs. NYK,W,240,38,83,0.458,13,37,0.351,26,31,0.839,9,41,50,25,7,1,16,16,115,8,1,25,46,50,39,0.5542168674698795,0.4457831325301205,0.6578947368421053,0.34210526315789475,0.43478260869565216,0.3391304347826087,0.22608695652173913,NYK,107,10,2025,HOME,EAST,EAST,10-26 vs. NYK
22025,1610612749,MIL,Milwaukee Bucks,0022500107,2025-10-26,MIL @ CLE,L,240,40,79,0.506,13,33,0.394,20,28,0.714,9,28,37,25,12,6,18,26,113,-5,1,27,46,54,39,0.5822784810126582,0.4177215189873418,0.675,0.325,0.4778761061946903,0.34513274336283184,0.17699115044247787,CLE,118,10,2025,AWAY,EAST,EAST,10-26 @ CLE
22025,1610612764,WAS,Washington Wizards,0022500109,2025-10-26,WAS vs. CHA,L,240,41,91,0.451,10,34,0.294,21,25,0.84,7,33,40,25,5,4,15,27,113,-26,1,31,57,62,30,0.6263736263736264,0.37362637362637363,0.7560975609756098,0.24390243902439024,0.5486725663716814,0.26548672566371684,0.18584070796460178,CHA,139,10,2025,HOME,EAST,EAST,10-26 vs. CHA
22025,1610612751,BKN,Brooklyn Nets,0022500105,2025-10-26,BKN @ SAS,L,240,34,87,0.391,16,50,0.32,23,24,0.958,11,23,34,22,9,0,12,30,107,-11,1,18,37,36,48,0.42528735632183906,0.5747126436781609,0.5294117647058824,0.47058823529411764,0.3364485981308411,0.4485981308411215,0.21495327102803738,SAS,118,10,2025,AWAY,EAST,WEST,10-26 @ SAS
22025,1610612759,SAS,San Antonio Spurs,0022500105,2025-10-26,SAS vs. BKN,W,240,39,78,0.5,12,27,0.444,28,36,0.778,11,34,45,20,7,6,15,23,118,11,1,27,51,54,36,0.6538461538461539,0.34615384615384615,0.6923076923076923,0.3076923076923077,0.4576271186440678,0.3050847457627119,0.23728813559322035,BKN,107,10,2025,HOME,WEST,EAST,10-26 vs. BKN
22025,1610612766,CHA,Charlotte Hornets,0022500109,2025-10-26,CHA @ WAS,W,240,47,92,0.511,15,38,0.395,30,36,0.833,11,41,52,30,12,4,12,16,139,26,1,32,54,64,45,0.5869565217391305,0.41304347826086957,0.6808510638297872,0.3191489361702128,0.460431654676259,0.3237410071942446,0.2158273381294964,WAS,113,10,2025,AWAY,EAST,EAST,10-26 @ WAS
22025,1610612765,DET,Detroit Pistons,0022500007,2025-10-27,DET vs. CLE,L,240,33,87,0.379,11,34,0.324,18,27,0.667,16,32,48,20,12,4,26,29,95,-21,1,22,53,44,33,0.6091954022988506,0.39080459770114945,0.6666666666666666,0.3333333333333333,0.4631578947368421,0.3473684210526316,0.18947368421052632,CLE,116,10,2025,HOME,EAST,EAST,10-27 vs. CLE
22025,1610612739,CLE,Cleveland Cavaliers,0022500007,2025-10-27,CLE @ DET,W,240,39,85,0.459,11,35,0.314,27,35,0.771,12,36,48,25,11,4,20,25,116,21,1,28,50,56,33,0.5882352941176471,0.4117647058823529,0.717948717948718,0.28205128205128205,0.4827586206896552,0.28448275862068967,0.23275862068965517,DET,95,10,2025,AWAY,EAST,EAST,10-27 @ DET
22025,1610612753,ORL,Orlando Magic,0022500114,2025-10-27,ORL @ PHI,L,240,45,82,0.549,8,25,0.32,26,38,0.684,13,30,43,27,4,7,13,22,124,-12,1,37,57,74,24,0.6951219512195121,0.3048780487804878,0.8222222222222222,0.17777777777777778,0.5967741935483871,0.1935483870967742,0.20967741935483872,PHI,136,10,2025,AWAY,EAST,EAST,10-27 @ PHI
22025,1610612740,NOP,New Orleans Pelicans,0022500117,2025-10-27,NOP vs. BOS,L,240,28,84,0.333,9,36,0.25,25,28,0.893,11,24,35,17,7,0,14,19,90,-32,1,19,48,38,27,0.5714285714285714,0.42857142857142855,0.6785714285714286,0.32142857142857145,0.4222222222222222,0.3,0.2777777777777778,BOS,122,10,2025,HOME,EAST,EAST,10-27 vs. BOS
22025,1610612760,OKC,Oklahoma City Thunder,0022500119,2025-10-27,OKC @ DAL,W,240,42,90,0.467,6,30,0.2,11,13,0.846,9,46,55,21,5,5,13,23,101,7,1,36,60,72,18,0.6666666666666666,0.3333333333333333,0.8571428571428571,0.14285714285714285,0.7128712871287128,0.1782178217821782,0.10891089108910891,DAL,94,10,2025,AWAY,WEST,WEST,10-27 @ DAL
22025,1610612745,HOU,Houston Rockets,0022500116,2025-10-27,HOU vs. BKN,W,240,49,85,0.576,16,32,0.5,23,26,0.885,9,30,39,33,10,4,10,22,137,28,1,33,53,66,48,0.6235294117647059,0.3764705882352941,0.673469387755102,0.32653061224489793,0.48175182481751827,0.35036496350364965,0.1678832116788321,BKN,109,10,2025,HOME,WEST,EAST,10-27 vs. BKN
22025,1610612755,PHI,Philadelphia 76ers,0022500114,2025-10-27,PHI vs. ORL,W,240,48,97,0.495,14,33,0.424,26,32,0.813,14,25,39,25,5,9,7,27,136,12,1,34,64,68,42,0.6597938144329897,0.3402061855670103,0.7083333333333334,0.2916666666666667,0.5,0.3088235294117647,0.19117647058823528,ORL,124,10,2025,HOME,EAST,EAST,10-27 vs. ORL
22025,1610612737,ATL,Atlanta Hawks,0022500115,2025-10-27,ATL @ CHI,L,240,49,98,0.5,11,32,0.344,14,20,0.7,8,28,36,32,8,1,6,17,123,-5,1,38,66,76,33,0.673469387755102,0.32653061224489793,0.7755102040816326,0.22448979591836735,0.6178861788617886,0.2682926829268293,0.11382113821138211,CHI,128,10,2025,AWAY,EAST,EAST,10-27 @ CHI
22025,1610612762,UTA,Utah Jazz,0022500120,2025-10-27,UTA vs. PHX,W,265,44,108,0.407,16,49,0.327,34,36,0.944,28,36,64,27,8,4,19,27,138,4,1,28,59,56,48,0.5462962962962963,0.4537037037037037,0.6363636363636364,0.36363636363636365,0.4057971014492754,0.34782608695652173,0.2463768115942029,PHX,134,10,2025,HOME,WEST,WEST,10-27 vs. PHX
22025,1610612751,BKN,Brooklyn Nets,0022500116,2025-10-27,BKN @ HOU,L,240,41,86,0.477,15,40,0.375,12,18,0.667,15,22,37,22,3,0,14,24,109,-28,1,26,46,52,45,0.5348837209302325,0.46511627906976744,0.6341463414634146,0.36585365853658536,0.47706422018348627,0.41284403669724773,0.11009174311926606,HOU,137,10,2025,AWAY,EAST,WEST,10-27 @ HOU
22025,1610612747,LAL,Los Angeles Lakers,0022500122,2025-10-27,LAL vs. POR,L,240,40,86,0.465,7,27,0.259,21,26,0.808,12,30,42,23,11,5,25,19,108,-14,1,33,59,66,21,0.686046511627907,0.313953488372093,0.825,0.175,0.6111111111111112,0.19444444444444445,0.19444444444444445,POR,122,10,2025,HOME,WEST,WEST,10-27 vs. POR
22025,1610612757,POR,Portland Trail Blazers,0022500122,2025-10-27,POR @ LAL,W,240,47,103,0.456,14,43,0.326,14,15,0.933,19,30,49,24,12,9,19,17,122,14,1,33,60,66,42,0.5825242718446602,0.4174757281553398,0.7021276595744681,0.2978723404255319,0.5409836065573771,0.3442622950819672,0.11475409836065574,LAL,108,10,2025,AWAY,WEST,WEST,10-27 @ LAL
22025,1610612738,BOS,Boston Celtics,0022500117,2025-10-27,BOS @ NOP,W,240,46,95,0.484,18,53,0.34,12,15,0.8,16,38,54,25,5,7,12,24,122,32,1,28,42,56,54,0.4421052631578947,0.5578947368421052,0.6086956521739131,0.391304347826087,0.45901639344262296,0.4426229508196721,0.09836065573770492,NOP,90,10,2025,AWAY,EAST,EAST,10-27 @ NOP
22025,1610612741,CHI,Chicago Bulls,0022500115,2025-10-27,CHI vs. ATL,W,240,48,92,0.522,16,43,0.372,16,21,0.762,12,39,51,33,5,4,18,20,128,5,1,32,49,64,48,0.532608695652174,0.4673913043478261,0.6666666666666666,0.3333333333333333,0.5,0.375,0.125,ATL,123,10,2025,HOME,EAST,EAST,10-27 vs. ATL
22025,1610612742,DAL,Dallas Mavericks,0022500119,2025-10-27,DAL vs. OKC,L,240,33,87,0.379,12,39,0.308,16,22,0.727,6,30,36,20,6,4,9,15,94,-7,1,21,48,42,36,0.5517241379310345,0.4482758620689655,0.6363636363636364,0.36363636363636365,0.44680851063829785,0.3829787234042553,0.1702127659574468,OKC,101,10,2025,HOME,WEST,WEST,10-27 vs. OKC
22025,1610612750,MIN,Minnesota Timberwolves,0022500008,2025-10-27,MIN vs. DEN,L,240,40,85,0.471,10,32,0.313,24,29,0.828,7,26,33,19,8,9,15,22,114,-13,1,30,53,60,30,0.6235294117647059,0.3764705882352941,0.75,0.25,0.5263157894736842,0.2631578947368421,0.21052631578947367,DEN,127,10,2025,HOME,WEST,WEST,10-27 vs. DEN
22025,1610612743,DEN,Denver Nuggets,0022500008,2025-10-27,DEN @ MIN,W,240,46,88,0.523,13,26,0.5,22,25,0.88,10,36,46,24,5,4,14,24,127,13,1,33,62,66,39,0.7045454545454546,0.29545454545454547,0.717391304347826,0.2826086956521739,0.5196850393700787,0.30708661417322836,0.1732283464566929,MIN,114,10,2025,AWAY,WEST,WEST,10-27 @ MIN
22025,1610612761,TOR,Toronto Raptors,0022500118,2025-10-27,TOR @ SAS,L,240,37,79,0.468,12,32,0.375,17,23,0.739,1,19,20,29,9,4,15,23,103,-18,1,25,47,50,36,0.5949367088607594,0.4050632911392405,0.6756756756756757,0.32432432432432434,0.4854368932038835,0.34951456310679613,0.1650485436893204,SAS,121,10,2025,AWAY,EAST,WEST,10-27 @ SAS
22025,1610612759,SAS,San Antonio Spurs,0022500118,2025-10-27,SAS vs. TOR,W,240,39,67,0.582,13,27,0.481,30,36,0.833,7,37,44,29,11,3,21,17,121,18,1,26,40,52,39,0.5970149253731343,0.40298507462686567,0.6666666666666666,0.3333333333333333,0.4297520661157025,0.32231404958677684,0.24793388429752067,TOR,103,10,2025,HOME,WEST,EAST,10-27 vs. TOR
22025,1610612756,PHX,Phoenix Suns,0022500120,2025-10-27,PHX @ UTA,L,265,45,106,0.425,20,55,0.364,24,31,0.774,18,30,48,37,13,8,14,29,134,-4,1,25,51,50,60,0.4811320754716981,0.5188679245283019,0.5555555555555556,0.4444444444444444,0.373134328358209,0.44776119402985076,0.1791044776119403,UTA,138,10,2025,AWAY,WEST,WEST,10-27 @ UTA
22025,1610612763,MEM,Memphis Grizzlies,0022500121,2025-10-27,MEM @ GSW,L,240,40,88,0.455,12,39,0.308,26,28,0.929,7,32,39,32,8,3,13,20,118,-13,1,28,49,56,36,0.5568181818181818,0.4431818181818182,0.7,0.3,0.4745762711864407,0.3050847457627119,0.22033898305084745,GSW,131,10,2025,AWAY,WEST,WEST,10-27 @ GSW
22025,1610612744,GSW,Golden State Warriors,0022500121,2025-10-27,GSW vs. MEM,W,240,44,83,0.53,19,43,0.442,24,30,0.8,7,32,39,36,7,5,16,24,131,13,1,25,40,50,57,0.4819277108433735,0.5180722891566265,0.5681818181818182,0.4318181818181818,0.3816793893129771,0.4351145038167939,0.183206106870229,MEM,118,10,2025,HOME,WEST,WEST,10-27 vs. MEM
22025,1610612748,MIA,Miami Heat,0022500124,2025-10-28,MIA vs. CHA,W,240,52,96,0.542,20,45,0.444,20,22,0.909,8,29,37,34,8,2,11,16,144,27,1,32,51,64,60,0.53125,0.46875,0.6153846153846154,0.38461538461538464,0.4444444444444444,0.4166666666666667,0.1388888888888889,CHA,117,10,2025,HOME,EAST,EAST,10-28 vs. CHA
22025,1610612755,PHI,Philadelphia 76ers,0022500123,2025-10-28,PHI @ WAS,W,265,45,100,0.45,17,42,0.405,32,37,0.865,18,37,55,26,7,11,14,21,139,5,1,28,58,56,51,0.58,0.42,0.6222222222222222,0.37777777777777777,0.4028776978417266,0.3669064748201439,0.2302158273381295,WAS,134,10,2025,AWAY,EAST,EAST,10-28 @ WAS
22025,1610612764,WAS,Washington Wizards,0022500123,2025-10-28,WAS vs. PHI,L,265,51,107,0.477,17,43,0.395,15,21,0.714,13,37,50,33,10,5,16,30,134,-5,1,34,64,68,51,0.5981308411214953,0.40186915887850466,0.6666666666666666,0.3333333333333333,0.5074626865671642,0.3805970149253731,0.11194029850746269,PHI,139,10,2025,HOME,EAST,EAST,10-28 vs. PHI
22025,1610612760,OKC,Oklahoma City Thunder,0022500126,2025-10-28,OKC vs. SAC,W,240,42,92,0.457,14,44,0.318,9,10,0.9,10,34,44,26,11,10,15,19,107,6,1,28,48,56,42,0.5217391304347826,0.4782608695652174,0.6666666666666666,0.3333333333333333,0.5233644859813084,0.3925233644859813,0.08411214953271028,SAC,101,10,2025,HOME,WEST,WEST,10-28 vs. SAC
22025,1610612758,SAC,Sacramento Kings,0022500126,2025-10-28,SAC @ OKC,L,240,36,85,0.424,10,29,0.345,19,21,0.905,9,37,46,21,11,3,17,16,101,-6,1,26,56,52,30,0.6588235294117647,0.3411764705882353,0.7222222222222222,0.2777777777777778,0.5148514851485149,0.297029702970297,0.18811881188118812,OKC,107,10,2025,AWAY,WEST,WEST,10-28 @ OKC
22025,1610612749,MIL,Milwaukee Bucks,0022500125,2025-10-28,MIL vs. NYK,W,240,43,79,0.544,14,34,0.412,21,24,0.875,4,34,38,27,7,8,13,21,121,10,1,29,45,58,42,0.569620253164557,0.43037974683544306,0.6744186046511628,0.32558139534883723,0.4793388429752066,0.34710743801652894,0.17355371900826447,NYK,111,10,2025,HOME,EAST,EAST,10-28 vs. NYK
22025,1610612752,NYK,New York Knicks,0022500125,2025-10-28,NYK @ MIL,L,240,39,92,0.424,13,40,0.325,20,23,0.87,17,28,45,24,9,2,13,21,111,-10,1,26,52,52,39,0.5652173913043478,0.43478260869565216,0.6666666666666666,0.3333333333333333,0.46846846846846846,0.35135135135135137,0.18018018018018017,MIL,121,10,2025,AWAY,EAST,EAST,10-28 @ MIL
22025,1610612766,CHA,Charlotte Hornets,0022500124,2025-10-28,CHA @ MIA,L,240,40,90,0.444,18,45,0.4,19,23,0.826,9,32,41,26,9,3,18,18,117,-27,1,22,45,44,54,0.5,0.5,0.55,0.45,0.37606837606837606,0.46153846153846156,0.1623931623931624,MIA,144,10,2025,AWAY,EAST,EAST,10-28 @ MIA
22025,1610612746,LAC,LA Clippers,0022500127,2025-10-28,LAC @ GSW,L,240,30,82,0.366,6,33,0.182,13,16,0.813,13,34,47,10,7,2,16,5,79,-19,1,24,49,48,18,0.5975609756097561,0.4024390243902439,0.8,0.2,0.6075949367088608,0.22784810126582278,0.16455696202531644,GSW,98,10,2025,AWAY,WEST,WEST,10-28 @ GSW
22025,1610612744,GSW,Golden State Warriors,0022500127,2025-10-28,GSW vs. LAC,W,240,39,86,0.453,17,45,0.378,3,4,0.75,10,32,42,24,11,3,13,15,98,19,1,22,41,44,51,0.47674418604651164,0.5232558139534884,0.5641025641025641,0.4358974358974359,0.4489795918367347,0.5204081632653061,0.030612244897959183,LAC,79,10,2025,HOME,WEST,WEST,10-28 vs. LAC
22025,1610612761,TOR,Toronto Raptors,0022500131,2025-10-29,TOR vs. HOU,L,240,43,85,0.506,21,40,0.525,14,19,0.737,4,18,22,29,6,2,10,26,121,-18,1,22,45,44,63,0.5294117647058824,0.47058823529411764,0.5116279069767442,0.4883720930232558,0.36363636363636365,0.5206611570247934,0.11570247933884298,HOU,139,10,2025,HOME,EAST,WEST,10-29 vs. HOU
22025,1610612745,HOU,Houston Rockets,0022500131,2025-10-29,HOU @ TOR,W,240,50,87,0.575,13,30,0.433,26,34,0.765,17,36,53,31,9,8,17,16,139,18,1,37,57,74,39,0.6551724137931034,0.3448275862068966,0.74,0.26,0.5323741007194245,0.2805755395683453,0.18705035971223022,TOR,121,10,2025,AWAY,WEST,EAST,10-29 @ TOR
22025,1610612765,DET,Detroit Pistons,0022500129,2025-10-29,DET vs. ORL,W,240,46,93,0.495,13,32,0.406,30,34,0.882,14,32,46,29,11,8,14,28,135,19,1,33,61,66,39,0.6559139784946236,0.34408602150537637,0.717391304347826,0.2826086956521739,0.4888888888888889,0.28888888888888886,0.2222222222222222,ORL,116,10,2025,HOME,EAST,EAST,10-29 vs. ORL
22025,1610612753,ORL,Orlando Magic,0022500129,2025-10-29,ORL @ DET,L,240,38,83,0.458,12,31,0.387,28,40,0.7,15,28,43,22,5,5,17,27,116,-19,1,26,52,52,36,0.6265060240963856,0.37349397590361444,0.6842105263157895,0.3157894736842105,0.4482758620689655,0.3103448275862069,0.2413793103448276,DET,135,10,2025,AWAY,EAST,EAST,10-29 @ DET
22025,1610612740,NOP,New Orleans Pelicans,0022500134,2025-10-29,NOP @ DEN,L,240,32,85,0.376,7,34,0.206,17,29,0.586,13,23,36,17,9,3,14,15,88,-34,1,25,51,50,21,0.6,0.4,0.78125,0.21875,0.5681818181818182,0.23863636363636365,0.19318181818181818,DEN,122,10,2025,AWAY,EAST,WEST,10-29 @ DEN
22025,1610612754,IND,Indiana Pacers,0022500133,2025-10-29,IND @ DAL,L,240,37,106,0.349,13,45,0.289,18,28,0.643,19,33,52,20,8,7,14,29,105,-2,1,24,61,48,39,0.5754716981132075,0.42452830188679247,0.6486486486486487,0.35135135135135137,0.45714285714285713,0.37142857142857144,0.17142857142857143,DAL,107,10,2025,AWAY,EAST,WEST,10-29 @ DAL
22025,1610612743,DEN,Denver Nuggets,0022500134,2025-10-29,DEN vs. NOP,W,240,48,90,0.533,14,42,0.333,12,14,0.857,13,43,56,40,6,4,14,23,122,34,1,34,48,68,42,0.5333333333333333,0.4666666666666667,0.7083333333333334,0.2916666666666667,0.5573770491803278,0.3442622950819672,0.09836065573770492,NOP,88,10,2025,HOME,WEST,EAST,10-29 vs. NOP
22025,1610612757,POR,Portland Trail Blazers,0022500135,2025-10-29,POR @ UTA,W,240,46,96,0.479,21,55,0.382,23,27,0.852,14,25,39,34,14,5,18,33,136,2,1,25,41,50,63,0.4270833333333333,0.5729166666666666,0.5434782608695652,0.45652173913043476,0.36764705882352944,0.4632352941176471,0.16911764705882354,UTA,134,10,2025,AWAY,WEST,WEST,10-29 @ UTA
22025,1610612762,UTA,Utah Jazz,0022500135,2025-10-29,UTA vs. POR,L,240,41,84,0.488,11,35,0.314,41,49,0.837,16,30,46,30,10,7,22,24,134,-2,1,30,49,60,33,0.5833333333333334,0.4166666666666667,0.7317073170731707,0.2682926829268293,0.44776119402985076,0.2462686567164179,0.30597014925373134,POR,136,10,2025,HOME,WEST,WEST,10-29 vs. POR
22025,1610612751,BKN,Brooklyn Nets,0022500130,2025-10-29,BKN vs. ATL,L,240,40,88,0.455,11,37,0.297,21,27,0.778,15,32,47,23,4,4,16,17,112,-5,1,29,51,58,33,0.5795454545454546,0.42045454545454547,0.725,0.275,0.5178571428571429,0.29464285714285715,0.1875,ATL,117,10,2025,HOME,EAST,EAST,10-29 vs. ATL
22025,1610612737,ATL,Atlanta Hawks,0022500130,2025-10-29,ATL @ BKN,W,240,44,93,0.473,13,33,0.394,16,22,0.727,13,31,44,33,11,8,8,26,117,5,1,31,60,62,39,0.6451612903225806,0.3548387096774194,0.7045454545454546,0.29545454545454547,0.5299145299145299,0.3333333333333333,0.13675213675213677,BKN,112,10,2025,AWAY,EAST,EAST,10-29 @ BKN
22025,1610612742,DAL,Dallas Mavericks,0022500133,2025-10-29,DAL vs. IND,W,240,36,79,0.456,5,24,0.208,30,37,0.811,7,40,47,21,4,7,19,22,107,2,1,31,55,62,15,0.6962025316455697,0.3037974683544304,0.8611111111111112,0.1388888888888889,0.5794392523364486,0.14018691588785046,0.2803738317757009,IND,105,10,2025,HOME,WEST,EAST,10-29 vs. IND
22025,1610612758,SAC,Sacramento Kings,0022500132,2025-10-29,SAC @ CHI,L,240,43,82,0.524,7,28,0.25,20,26,0.769,5,26,31,28,10,2,10,17,113,-13,1,36,54,72,21,0.6585365853658537,0.34146341463414637,0.8372093023255814,0.16279069767441862,0.6371681415929203,0.18584070796460178,0.17699115044247787,CHI,126,10,2025,AWAY,WEST,EAST,10-29 @ CHI
22025,1610612739,CLE,Cleveland Cavaliers,0022500128,2025-10-29,CLE @ BOS,L,240,35,87,0.402,17,52,0.327,18,24,0.75,11,31,42,25,6,4,14,22,105,-20,1,18,35,36,51,0.40229885057471265,0.5977011494252874,0.5142857142857142,0.4857142857142857,0.34285714285714286,0.4857142857142857,0.17142857142857143,BOS,125,10,2025,AWAY,EAST,EAST,10-29 @ BOS
22025,1610612738,BOS,Boston Celtics,0022500128,2025-10-29,BOS vs. CLE,W,240,42,95,0.442,21,57,0.368,20,24,0.833,18,35,53,29,11,3,10,19,125,20,1,21,38,42,63,0.4,0.6,0.5,0.5,0.336,0.504,0.16,CLE,105,10,2025,HOME,EAST,EAST,10-29 vs. CLE
22025,1610612741,CHI,Chicago Bulls,0022500132,2025-10-29,CHI vs. SAC,W,240,49,91,0.538,14,32,0.438,14,18,0.778,12,34,46,34,6,2,16,20,126,13,1,35,59,70,42,0.6483516483516484,0.3516483516483517,0.7142857142857143,0.2857142857142857,0.5555555555555556,0.3333333333333333,0.1111111111111111,SAC,113,10,2025,HOME,EAST,WEST,10-29 vs. SAC
22025,1610612747,LAL,Los Angeles Lakers,0022500136,2025-10-29,LAL @ MIN,W,240,45,83,0.542,11,31,0.355,15,22,0.682,11,29,40,34,6,5,19,22,116,1,1,34,52,68,33,0.6265060240963856,0.37349397590361444,0.7555555555555555,0.24444444444444444,0.5862068965517241,0.28448275862068967,0.12931034482758622,MIN,115,10,2025,AWAY,WEST,WEST,10-29 @ MIN
22025,1610612750,MIN,Minnesota Timberwolves,0022500136,2025-10-29,MIN vs. LAL,L,240,41,82,0.5,15,30,0.5,18,22,0.818,9,25,34,30,8,5,18,23,115,-1,1,26,52,52,45,0.6341463414634146,0.36585365853658536,0.6341463414634146,0.36585365853658536,0.45217391304347826,0.391304347826087,0.1565217391304348,LAL,116,10,2025,HOME,WEST,WEST,10-29 vs. LAL
22025,1610612763,MEM,Memphis Grizzlies,0022500137,2025-10-29,MEM @ PHX,W,240,44,93,0.473,15,38,0.395,11,13,0.846,9,32,41,31,12,3,17,17,114,1,1,29,55,58,45,0.5913978494623656,0.40860215053763443,0.6590909090909091,0.3409090909090909,0.5087719298245614,0.39473684210526316,0.09649122807017543,PHX,113,10,2025,AWAY,WEST,WEST,10-29 @ PHX
22025,1610612756,PHX,Phoenix Suns,0022500137,2025-10-29,PHX vs. MEM,L,240,41,86,0.477,16,40,0.4,15,17,0.882,8,32,40,25,11,4,21,20,113,-1,1,25,46,50,48,0.5348837209302325,0.46511627906976744,0.6097560975609756,0.3902439024390244,0.4424778761061947,0.4247787610619469,0.13274336283185842,MEM,114,10,2025,HOME,WEST,WEST,10-29 vs. MEM
